dataset,task,fold,mse,r2,accuracy,f1,roc_auc
abalone,regression,1,4.891228936978957,0.548163138045879,,,
abalone,regression,2,4.562817950591384,0.49138556239377473,,,
abalone,regression,3,5.441617860453107,0.5322855814064725,,,
abalone,regression,4,5.615603237523549,0.5280908138285556,,,
abalone,regression,5,4.053715709932389,0.5259545416055411,,,
abalone,regression,6,4.287128606515272,0.5544802587333042,,,
abalone,regression,7,4.981315923169324,0.5379535249716618,,,
abalone,regression,8,5.009184181345148,0.4974793682840667,,,
abalone,regression,9,5.3448787035501795,0.5111880477178474,,,
abalone,regression,10,4.830846205929319,0.5465600047806364,,,
abalone,regression,11,6.199093441474291,0.4780298202970612,,,
abalone,regression,12,5.051445266916612,0.4957347858476686,,,
abalone,regression,13,4.079186241994089,0.5433638728856791,,,
abalone,regression,14,5.249865878724846,0.5270084601728855,,,
abalone,regression,15,4.024049394555549,0.597090343567963,,,
abalone,regression,16,4.901165136532363,0.5608930074272842,,,
abalone,regression,17,5.264424504973098,0.5296814316379727,,,
abalone,regression,18,4.148204564722502,0.5349738616393451,,,
abalone,regression,19,5.419967829662305,0.4894952240819205,,,
abalone,regression,20,4.740732881850343,0.5286903852759544,,,
abalone,regression,21,4.558346999413527,0.5386346938816777,,,
abalone,regression,22,4.6932205909925475,0.5196540446626366,,,
abalone,regression,23,4.717101764592979,0.5439918475973312,,,
abalone,regression,24,4.95648454469721,0.5473399805306731,,,
abalone,regression,25,5.606948979554483,0.49002741527733695,,,
abalone,regression,26,5.612228978962743,0.4438983746411237,,,
abalone,regression,27,4.9810358765601155,0.49810203048816193,,,
abalone,regression,28,4.3929699854964825,0.5657218116344023,,,
abalone,regression,29,4.823664484298544,0.5358259648570063,,,
abalone,regression,30,5.029880038072079,0.5598810937437103,,,
abalone,regression,31,4.770255673161066,0.5406935503983455,,,
abalone,regression,32,5.284234775607268,0.5121630573029217,,,
abalone,regression,33,5.144892545978374,0.5214363275879901,,,
abalone,regression,34,4.443165962918439,0.56353682986839,,,
abalone,regression,35,5.062586212191279,0.4828275927039094,,,
abalone,regression,36,4.676769197509437,0.5376629090620004,,,
abalone,regression,37,5.017748406784849,0.5288246951691715,,,
abalone,regression,38,5.31579615400169,0.5244621357003445,,,
abalone,regression,39,5.074130028160693,0.5230117626261243,,,
abalone,regression,40,4.476739953455133,0.5195748933578994,,,
abalone,regression,41,4.807945758678359,0.5628628472756614,,,
abalone,regression,42,5.592202169555249,0.5450824492498657,,,
abalone,regression,43,4.733012610430812,0.48350898586875657,,,
abalone,regression,44,4.5886487356408585,0.5277585473621194,,,
abalone,regression,45,4.951170175865152,0.49197410807345465,,,
abalone,regression,46,4.731729980395769,0.5440587946700473,,,
abalone,regression,47,5.2392799122242275,0.49662320951280203,,,
abalone,regression,48,4.927985536537121,0.5409756572504542,,,
abalone,regression,49,4.774082647309062,0.5065498000217534,,,
abalone,regression,50,4.862703226713459,0.5473677711849332,,,
winequality,regression,1,0.47119110923082663,0.3408065203047844,,,
winequality,regression,2,0.5658173470431905,0.2666819661183256,,,
winequality,regression,3,0.5398343514244303,0.30838350141074145,,,
winequality,regression,4,0.5516822992238058,0.2671586890760975,,,
winequality,regression,5,0.5678167519272869,0.2834244844306151,,,
winequality,regression,6,0.5651249818430697,0.26014430575014014,,,
winequality,regression,7,0.5082642732673012,0.3089184984349582,,,
winequality,regression,8,0.5288001064256499,0.30571070219425833,,,
winequality,regression,9,0.5287926776258327,0.2963282816984708,,,
winequality,regression,10,0.5693923234288307,0.2869968194057778,,,
winequality,regression,11,0.5411874724898298,0.2988138892172455,,,
winequality,regression,12,0.5474586718318996,0.2957251582014524,,,
winequality,regression,13,0.5795598348779752,0.24472839338776753,,,
winequality,regression,14,0.5178589341913277,0.31237139288022586,,,
winequality,regression,15,0.5162952470422119,0.30256917000150874,,,
winequality,regression,16,0.5372174209988955,0.31214210757696403,,,
winequality,regression,17,0.5664608725186727,0.2802000072508237,,,
winequality,regression,18,0.5571282654670373,0.2664303944649842,,,
winequality,regression,19,0.5157056010645572,0.28270859928062086,,,
winequality,regression,20,0.5228512703160015,0.31479121545841005,,,
winequality,regression,21,0.5515241778238212,0.28492122842202317,,,
winequality,regression,22,0.5619395966691442,0.2916546380874053,,,
winequality,regression,23,0.5077689870122065,0.2961529580839741,,,
winequality,regression,24,0.5646118975896234,0.2656340863542739,,,
winequality,regression,25,0.5114680408265871,0.32407323415205336,,,
winequality,regression,26,0.46330930494578,0.32185582385897227,,,
winequality,regression,27,0.5565766478599522,0.2942626262213328,,,
winequality,regression,28,0.5873832779512108,0.25966536105929294,,,
winequality,regression,29,0.5634468914742929,0.2850691137435004,,,
winequality,regression,30,0.5305351284953629,0.300158924472004,,,
winequality,regression,31,0.5553853576218541,0.27974758633583874,,,
winequality,regression,32,0.510273387289467,0.32484232094169274,,,
winequality,regression,33,0.52370303056277,0.25968187452277613,,,
winequality,regression,34,0.565965322236083,0.28408079175563306,,,
winequality,regression,35,0.5456488779336144,0.30694653237532343,,,
winequality,regression,36,0.55105105989787,0.274309051670542,,,
winequality,regression,37,0.5203520631387006,0.3314268524771301,,,
winequality,regression,38,0.53949664663915,0.30700406425234594,,,
winequality,regression,39,0.5443360223023928,0.2749309292836247,,,
winequality,regression,40,0.5435457240907663,0.26977541959669304,,,
winequality,regression,41,0.5110109703321486,0.2991578454743289,,,
winequality,regression,42,0.5584467210871502,0.3006712203253219,,,
winequality,regression,43,0.5261053071452317,0.28144820652983527,,,
winequality,regression,44,0.5232262066334602,0.3157283658567247,,,
winequality,regression,45,0.580897149233985,0.25968518283845243,,,
winequality,regression,46,0.6168397596597502,0.2547150012797398,,,
winequality,regression,47,0.5301687850308954,0.3024008032627211,,,
winequality,regression,48,0.5034757285315954,0.3084766757669314,,,
winequality,regression,49,0.5141349153471312,0.28383421748044857,,,
winequality,regression,50,0.5354854682583249,0.3095147120353553,,,
diabetes,regression,1,89068.45625330418,-0.13202729953712455,,,
diabetes,regression,2,82310.27489944134,0.11717226494141142,,,
diabetes,regression,3,126367.32901361049,0.02053497661187631,,,
diabetes,regression,4,63251.97703385407,0.10097971267635386,,,
diabetes,regression,5,117345.9456863679,-0.1040791246694508,,,
diabetes,regression,6,91154.08150734393,0.058854117712820564,,,
diabetes,regression,7,105986.02727140141,0.010665517925272594,,,
diabetes,regression,8,99173.7248171685,-0.12607840146665716,,,
diabetes,regression,9,81891.53335244933,-0.1554180114369368,,,
diabetes,regression,10,111182.86914811861,0.003804540790962485,,,
diabetes,regression,11,102744.01634168476,0.04210422947516501,,,
diabetes,regression,12,122437.92322276207,-0.050798064191091674,,,
diabetes,regression,13,67908.63797681409,-0.09669974768493428,,,
diabetes,regression,14,105345.97938585728,-0.07575004924417938,,,
diabetes,regression,15,102943.0669458819,-0.13786615856985174,,,
diabetes,regression,16,70314.9034112253,-0.04554197726568043,,,
diabetes,regression,17,79528.07905602243,-0.04936961546346663,,,
diabetes,regression,18,69703.64934005271,0.0027082030180259897,,,
diabetes,regression,19,107374.86784622978,0.04942648861576071,,,
diabetes,regression,20,153564.11173081264,-0.046139521781731974,,,
diabetes,regression,21,80322.28678185394,0.04725302135252607,,,
diabetes,regression,22,93914.3633849131,0.017053465646604926,,,
diabetes,regression,23,89626.50623942084,-0.02992355232240329,,,
diabetes,regression,24,114009.01405501897,0.003961737528738074,,,
diabetes,regression,25,100140.61685665573,-0.09850852967363188,,,
diabetes,regression,26,105950.04092198369,0.019711638649068774,,,
diabetes,regression,27,65605.60048115652,-0.154435033769722,,,
diabetes,regression,28,138326.11570769362,-0.054046304510327214,,,
diabetes,regression,29,83833.17929176851,0.01509169013785594,,,
diabetes,regression,30,94088.17313902077,-0.04512095204626032,,,
diabetes,regression,31,95287.97695246286,-0.19286577064757315,,,
diabetes,regression,32,91896.87585097991,-0.039778006224315154,,,
diabetes,regression,33,132405.56089035678,-0.1463803177059062,,,
diabetes,regression,34,79415.46174416786,0.0020730202404313225,,,
diabetes,regression,35,108927.79154908906,0.03242153385102653,,,
diabetes,regression,36,91949.30436292259,-0.03209908549363405,,,
diabetes,regression,37,100227.26451737664,-0.029651769477295975,,,
diabetes,regression,38,63198.72028556808,-0.055289642282456475,,,
diabetes,regression,39,116071.2833777166,-0.026789377165757022,,,
diabetes,regression,40,114218.7366353184,-0.00944840986625839,,,
diabetes,regression,41,102742.77740916138,0.008010695080398866,,,
diabetes,regression,42,89707.88709976847,-0.011680139859457261,,,
diabetes,regression,43,101973.27949788705,0.017744510927649282,,,
diabetes,regression,44,65107.49474403722,-0.005679444506771603,,,
diabetes,regression,45,123074.52864666567,-0.09697119219430084,,,
diabetes,regression,46,117111.81694888281,-0.04534503194316741,,,
diabetes,regression,47,105083.07849207272,0.003641939498041591,,,
diabetes,regression,48,67860.96573125466,-0.05035638407275722,,,
diabetes,regression,49,76920.03401026057,-0.03398439747972626,,,
diabetes,regression,50,117274.98738016436,-0.05857824085683094,,,
adult,classification,1,,,0.8489175495163519,0.6515580736543909,0.900622343091574
adult,classification,2,,,0.8495085995085995,0.6568627450980392,0.9044813389554851
adult,classification,3,,,0.8485872235872236,0.6510969568294409,0.9035080658476983
adult,classification,4,,,0.8576474201474201,0.6741652021089631,0.9083528890925303
adult,classification,5,,,0.8528869778869779,0.6598011363636364,0.9103733498860711
adult,classification,6,,,0.852141870105942,0.6554561717352415,0.9073545958199005
adult,classification,7,,,0.8467444717444718,0.651048951048951,0.897548977115118
adult,classification,8,,,0.8535012285012284,0.6624203821656051,0.9078606412225083
adult,classification,9,,,0.8502764127764127,0.6615758417216244,0.904254306394888
adult,classification,10,,,0.8535012285012284,0.6633733239237827,0.9103416169258965
adult,classification,11,,,0.8526024873330262,0.6617336152219874,0.9044330278597668
adult,classification,12,,,0.851504914004914,0.6540250447227192,0.9094143953090945
adult,classification,13,,,0.8582616707616708,0.6762539459838653,0.9118132007050394
adult,classification,14,,,0.8409090909090909,0.6375087473757872,0.9000442713493164
adult,classification,15,,,0.8518120393120393,0.6600915815427968,0.9020941431791164
adult,classification,16,,,0.8533701827115001,0.6666666666666666,0.9126596465499639
adult,classification,17,,,0.8490479115479116,0.6535072259428975,0.9082049309408228
adult,classification,18,,,0.8502764127764127,0.6499102333931778,0.8992710706855558
adult,classification,19,,,0.8449017199017199,0.6443661971830986,0.899919274445215
adult,classification,20,,,0.856418918918919,0.6747826086956522,0.9073910966085464
adult,classification,21,,,0.8535237217871948,0.6650280898876404,0.9072212992011485
adult,classification,22,,,0.8495085995085995,0.6534653465346535,0.9059482788867974
adult,classification,23,,,0.847972972972973,0.6481876332622601,0.9022086914255993
adult,classification,24,,,0.8488943488943489,0.6576200417536534,0.9076694694868238
adult,classification,25,,,0.8551904176904177,0.6664308454191723,0.9039349128607753
adult,classification,26,,,0.8532166436358053,0.6633802816901408,0.907837892748045
adult,classification,27,,,0.8496621621621622,0.657092819614711,0.9053743766924246
adult,classification,28,,,0.8493550368550369,0.6480086114101185,0.9040067635063733
adult,classification,29,,,0.8502764127764127,0.6531483457844184,0.900764970733439
adult,classification,30,,,0.8502764127764127,0.6625129802699896,0.9082189914800871
adult,classification,31,,,0.8515277138031629,0.6678117485400206,0.9056646679908668
adult,classification,32,,,0.8488943488943489,0.650319829424307,0.9005830866934151
adult,classification,33,,,0.8538083538083538,0.6708160442600276,0.9114104759015256
adult,classification,34,,,0.8485872235872236,0.6445565969718817,0.9036561529951787
adult,classification,35,,,0.8496621621621622,0.6517253646389185,0.9062105272934415
adult,classification,36,,,0.8515277138031629,0.665282104534441,0.9044100812464808
adult,classification,37,,,0.8535012285012284,0.6563400576368876,0.9057611060200779
adult,classification,38,,,0.8525798525798526,0.6586059743954481,0.910057439237831
adult,classification,39,,,0.8425982800982801,0.6379371246909219,0.9000632337279573
adult,classification,40,,,0.8521191646191646,0.664576802507837,0.907009204622383
adult,classification,41,,,0.8455396898510671,0.6528640441683919,0.9044245195649527
adult,classification,42,,,0.8488943488943489,0.650319829424307,0.905008673675781
adult,classification,43,,,0.8562653562653563,0.6635514018691588,0.9062543858562843
adult,classification,44,,,0.8518120393120393,0.6591310490992582,0.9068033918664553
adult,classification,45,,,0.8531941031941032,0.6671309192200557,0.905243574978535
adult,classification,46,,,0.8562874251497006,0.6765722183828611,0.9078021836925382
adult,classification,47,,,0.8496621621621622,0.6558875219683655,0.904750682129648
adult,classification,48,,,0.8524262899262899,0.6643381068808941,0.9046736716531273
adult,classification,49,,,0.8450552825552825,0.6425788168614949,0.9008846788108447
adult,classification,50,,,0.8518120393120393,0.6542457900394124,0.9103268469098804
bank_marketing,classification,1,,,0.9087157076960427,0.5091383812010444,0.9320358566441813
bank_marketing,classification,2,,,0.9102937606215101,0.5134957208689928,0.9307517453653474
bank_marketing,classification,3,,,0.911750424860403,0.5270006506180872,0.9393058045190811
bank_marketing,classification,4,,,0.9131965521427704,0.5198119543317663,0.936407080783729
bank_marketing,classification,5,,,0.9110112905183926,0.5142478462557986,0.9370355867352956
bank_marketing,classification,6,,,0.9098082058752124,0.5043362241494329,0.9381602610972216
bank_marketing,classification,7,,,0.9115076474872542,0.5181758096497026,0.9369385053540261
bank_marketing,classification,8,,,0.9095654285020636,0.5108338804990151,0.9316854568611727
bank_marketing,classification,9,,,0.9100400631297803,0.5203883495145631,0.934169198578984
bank_marketing,classification,10,,,0.9108898870948161,0.5151915455746368,0.9339909523450071
bank_marketing,classification,11,,,0.9115076474872542,0.5175380542686963,0.9338544860606632
bank_marketing,classification,12,,,0.9116290361738286,0.5229357798165137,0.9367184183216188
bank_marketing,classification,13,,,0.9066521000242778,0.5003248862897985,0.9339612127930562
bank_marketing,classification,14,,,0.907733398081826,0.49129852744310576,0.9303158953769798
bank_marketing,classification,15,,,0.9145319898021124,0.5325365205843293,0.9395992953892462
bank_marketing,classification,16,,,0.9082301529497451,0.48360655737704916,0.9275602622765224
bank_marketing,classification,17,,,0.9116290361738286,0.5204216073781291,0.9376345877164017
bank_marketing,classification,18,,,0.911750424860403,0.5104377104377105,0.9368341372234539
bank_marketing,classification,19,,,0.9085832220468617,0.5182341650671785,0.9353600131627988
bank_marketing,classification,20,,,0.9125895350248877,0.5419847328244275,0.9379088311057222
bank_marketing,classification,21,,,0.9098082058752124,0.514061478090255,0.932882594697863
bank_marketing,classification,22,,,0.9124787569798495,0.5284499672988882,0.9373562727015424
bank_marketing,classification,23,,,0.9128429230395727,0.5238726790450928,0.9336862882683146
bank_marketing,classification,24,,,0.9097972562826272,0.5127868852459017,0.9302356919433292
bank_marketing,classification,25,,,0.9106470802476629,0.5093333333333333,0.9407817063044616
bank_marketing,classification,26,,,0.9099295945617868,0.5073041168658698,0.936661664465305
bank_marketing,classification,27,,,0.9127215343529983,0.5285245901639344,0.9337013243549224
bank_marketing,classification,28,,,0.9113862588006798,0.5126835781041389,0.9361648839567904
bank_marketing,classification,29,,,0.9104042734005099,0.5170157068062827,0.9341055076169672
bank_marketing,classification,30,,,0.9102828699769333,0.5154098360655738,0.9345380754006634
bank_marketing,classification,31,,,0.9139354212187424,0.5295288652952886,0.9406186612576066
bank_marketing,classification,32,,,0.9083515416363195,0.5157152020525978,0.9307026569649511
bank_marketing,classification,33,,,0.9087157076960427,0.4918918918918919,0.9328085935657341
bank_marketing,classification,34,,,0.9111326939419692,0.5132978723404256,0.9373919317704672
bank_marketing,classification,35,,,0.9124681316013111,0.5321219987021415,0.9325260602186253
bank_marketing,classification,36,,,0.9099295945617868,0.517555266579974,0.9347492806264446
bank_marketing,classification,37,,,0.911143481427531,0.5171503957783641,0.9329539424029435
bank_marketing,classification,38,,,0.9082301529497451,0.4986737400530504,0.9344821689702344
bank_marketing,classification,39,,,0.9159888308850309,0.544137022397892,0.9381444286920707
bank_marketing,classification,40,,,0.9105256768240865,0.5089940039973351,0.9355381119639935
bank_marketing,classification,41,,,0.911750424860403,0.5226526592252134,0.93418233171376
bank_marketing,classification,42,,,0.9087157076960427,0.4966532797858099,0.9338071666116325
bank_marketing,classification,43,,,0.9084729303228939,0.4980026631158455,0.9326213795462049
bank_marketing,classification,44,,,0.9131965521427704,0.5255474452554745,0.939147856209397
bank_marketing,classification,45,,,0.9104042734005099,0.5305343511450382,0.9344027321063779
bank_marketing,classification,46,,,0.913814032532168,0.5328947368421053,0.9369504457757443
bank_marketing,classification,47,,,0.9129643117261471,0.5171717171717172,0.938898945704986
bank_marketing,classification,48,,,0.9124787569798495,0.5228325612177366,0.9367987581961412
bank_marketing,classification,49,,,0.9055481364574481,0.494148244473342,0.9310033744415246
bank_marketing,classification,50,,,0.9087046254704383,0.5052631578947369,0.9312348439099646
breast_cancer,classification,1,,,0.8881987577639752,0.9367977528089888,0.8557566220823498
breast_cancer,classification,2,,,0.8919254658385093,0.9384288747346072,0.8513577951028778
breast_cancer,classification,3,,,0.9093167701863354,0.9480427046263346,0.8780726223684525
breast_cancer,classification,4,,,0.8956521739130435,0.9403409090909091,0.8823480649898157
breast_cancer,classification,5,,,0.8893034825870647,0.9378057302585604,0.848966727552738
breast_cancer,classification,6,,,0.8993788819875776,0.9429978888106967,0.8600481605989081
breast_cancer,classification,7,,,0.8881987577639752,0.9365303244005642,0.843215792861741
breast_cancer,classification,8,,,0.9080745341614906,0.9478138222849083,0.8654245046849295
breast_cancer,classification,9,,,0.8906832298136645,0.9376770538243626,0.8793164700866847
breast_cancer,classification,10,,,0.8893034825870647,0.9368346344925479,0.8724496496066282
breast_cancer,classification,11,,,0.8968944099378882,0.9410929737402413,0.8552201797677802
breast_cancer,classification,12,,,0.8881987577639752,0.9369747899159664,0.8301027585055909
breast_cancer,classification,13,,,0.8968944099378882,0.9414255469301341,0.9053238919485969
breast_cancer,classification,14,,,0.8819875776397516,0.9327671620665251,0.839147837620198
breast_cancer,classification,15,,,0.8992537313432836,0.9426751592356688,0.8867757840574
breast_cancer,classification,16,,,0.8869565217391304,0.9361403508771929,0.8432753975633598
breast_cancer,classification,17,,,0.8906832298136645,0.9380281690140845,0.8746274706148822
breast_cancer,classification,18,,,0.9031055900621118,0.9451476793248945,0.851024008773812
breast_cancer,classification,19,,,0.8956521739130435,0.9404255319148936,0.8973284069916158
breast_cancer,classification,20,,,0.8967661691542289,0.9410092395167022,0.8547210582237982
breast_cancer,classification,21,,,0.9105590062111801,0.948936170212766,0.9044059795436664
breast_cancer,classification,22,,,0.8869565217391304,0.9362298528381219,0.8633144982476217
breast_cancer,classification,23,,,0.8981366459627329,0.942008486562942,0.8560069618291491
breast_cancer,classification,24,,,0.901863354037267,0.9437722419928826,0.8472241959168207
breast_cancer,classification,25,,,0.8830845771144279,0.9339887640449438,0.8564401943578906
breast_cancer,classification,26,,,0.8919254658385093,0.9384288747346072,0.8617647760055314
breast_cancer,classification,27,,,0.8956521739130435,0.9409282700421941,0.8744486565100256
breast_cancer,classification,28,,,0.8857142857142857,0.9348441926345609,0.8524783634933124
breast_cancer,classification,29,,,0.8993788819875776,0.942756183745583,0.8861375586187296
breast_cancer,classification,30,,,0.8917910447761194,0.9384288747346072,0.8449076561250194
breast_cancer,classification,31,,,0.8968944099378882,0.9416725228390724,0.8676656414657988
breast_cancer,classification,32,,,0.9118012422360249,0.9497523000707714,0.9180316143337387
breast_cancer,classification,33,,,0.8857142857142857,0.9353932584269663,0.8585461221181127
breast_cancer,classification,34,,,0.9006211180124224,0.9432624113475178,0.8293662071905641
breast_cancer,classification,35,,,0.8781094527363185,0.9303977272727273,0.8477251292336712
breast_cancer,classification,36,,,0.8857142857142857,0.9353932584269663,0.8924254345182748
breast_cancer,classification,37,,,0.9006211180124224,0.9434229137199435,0.8817323510478507
breast_cancer,classification,38,,,0.884472049689441,0.9339019189765458,0.8543737930047922
breast_cancer,classification,39,,,0.8956521739130435,0.9410112359550562,0.8285609397944199
breast_cancer,classification,40,,,0.904228855721393,0.9455060155697098,0.8515812470900039
breast_cancer,classification,41,,,0.8993788819875776,0.9423487544483986,0.8768566864554277
breast_cancer,classification,42,,,0.8906832298136645,0.9381153305203939,0.8608945473618959
breast_cancer,classification,43,,,0.8919254658385093,0.9387755102040817,0.8472808335121473
breast_cancer,classification,44,,,0.8981366459627329,0.942008486562942,0.9007271090900479
breast_cancer,classification,45,,,0.8905472636815921,0.9380281690140845,0.8449195945703951
breast_cancer,classification,46,,,0.8819875776397516,0.9326718639262934,0.8648046157880933
breast_cancer,classification,47,,,0.9093167701863354,0.9481165600568585,0.8780249386071574
breast_cancer,classification,48,,,0.8881987577639752,0.9366197183098591,0.8500464916672625
breast_cancer,classification,49,,,0.8944099378881988,0.940014114326041,0.8560821372744066
breast_cancer,classification,50,,,0.8893034825870647,0.9376313945339874,0.8614304645249096
credit,classification,1,,,0.75,0.8299319727891157,0.781547619047619
credit,classification,2,,,0.725,0.8096885813148789,0.7550000000000001
credit,classification,3,,,0.75,0.8299319727891157,0.794404761904762
credit,classification,4,,,0.76,0.8378378378378378,0.8063095238095237
credit,classification,5,,,0.76,0.8367346938775511,0.8019047619047618
credit,classification,6,,,0.745,0.8235294117647058,0.7713095238095238
credit,classification,7,,,0.76,0.8309859154929577,0.8051190476190476
credit,classification,8,,,0.825,0.8844884488448845,0.8232142857142858
credit,classification,9,,,0.73,0.815068493150685,0.7836904761904762
credit,classification,10,,,0.715,0.8067796610169492,0.7315476190476192
credit,classification,11,,,0.765,0.842809364548495,0.7784523809523809
credit,classification,12,,,0.735,0.8178694158075601,0.7639285714285714
credit,classification,13,,,0.735,0.8191126279863481,0.743095238095238
credit,classification,14,,,0.81,0.8707482993197279,0.8430952380952381
credit,classification,15,,,0.73,0.8137931034482758,0.7546428571428571
credit,classification,16,,,0.77,0.8486842105263158,0.8317857142857142
credit,classification,17,,,0.76,0.8378378378378378,0.799404761904762
credit,classification,18,,,0.72,0.8055555555555556,0.7019047619047619
credit,classification,19,,,0.735,0.822742474916388,0.7804761904761904
credit,classification,20,,,0.775,0.8421052631578947,0.7969047619047619
credit,classification,21,,,0.76,0.8297872340425532,0.7877380952380951
credit,classification,22,,,0.7,0.7902097902097902,0.7677380952380953
credit,classification,23,,,0.755,0.835016835016835,0.7814285714285715
credit,classification,24,,,0.79,0.8571428571428571,0.7792857142857144
credit,classification,25,,,0.79,0.8581081081081081,0.8432142857142857
credit,classification,26,,,0.745,0.8235294117647058,0.7685714285714286
credit,classification,27,,,0.77,0.8466666666666667,0.8111904761904761
credit,classification,28,,,0.755,0.8372093023255814,0.7864285714285715
credit,classification,29,,,0.745,0.8247422680412371,0.8146428571428571
credit,classification,30,,,0.75,0.8263888888888888,0.797142857142857
credit,classification,31,,,0.755,0.8292682926829268,0.8017857142857143
credit,classification,32,,,0.76,0.8389261744966443,0.7722619047619049
credit,classification,33,,,0.76,0.8344827586206897,0.8248809523809524
credit,classification,34,,,0.785,0.8552188552188552,0.8207142857142856
credit,classification,35,,,0.75,0.8263888888888888,0.7613095238095239
credit,classification,36,,,0.735,0.8140350877192982,0.7902380952380952
credit,classification,37,,,0.725,0.8208469055374593,0.771547619047619
credit,classification,38,,,0.74,0.8231292517006803,0.7746428571428572
credit,classification,39,,,0.76,0.84,0.7797619047619048
credit,classification,40,,,0.76,0.8309859154929577,0.8125
credit,classification,41,,,0.78,0.8472222222222222,0.8120238095238096
credit,classification,42,,,0.765,0.8395904436860068,0.8022619047619047
credit,classification,43,,,0.71,0.795774647887324,0.7304761904761905
credit,classification,44,,,0.72,0.8133333333333334,0.7633333333333334
credit,classification,45,,,0.755,0.8403908794788274,0.7995238095238095
credit,classification,46,,,0.72,0.8120805369127517,0.7607142857142857
credit,classification,47,,,0.78,0.8482758620689655,0.8254761904761906
credit,classification,48,,,0.725,0.8122866894197952,0.7526190476190476
credit,classification,49,,,0.73,0.815068493150685,0.7659523809523808
credit,classification,50,,,0.8,0.8648648648648649,0.8484523809523811
heart,classification,1,,,0.8829268292682927,0.883495145631068,0.935142857142857
heart,classification,2,,,0.8829268292682927,0.8899082568807339,0.9581904761904761
heart,classification,3,,,0.8585365853658536,0.8625592417061612,0.9328571428571428
heart,classification,4,,,0.848780487804878,0.8597285067873304,0.9226666666666666
heart,classification,5,,,0.8634146341463415,0.8771929824561403,0.9412044978082714
heart,classification,6,,,0.8829268292682927,0.8899082568807339,0.9393333333333332
heart,classification,7,,,0.8390243902439024,0.8533333333333334,0.9144761904761906
heart,classification,8,,,0.8341463414634146,0.8380952380952381,0.933047619047619
heart,classification,9,,,0.8682926829268293,0.8755760368663594,0.954
heart,classification,10,,,0.8926829268292683,0.8962264150943396,0.9475890985324947
heart,classification,11,,,0.8634146341463415,0.8738738738738738,0.9334285714285715
heart,classification,12,,,0.8731707317073171,0.8796296296296297,0.9447619047619048
heart,classification,13,,,0.8975609756097561,0.9004739336492891,0.9454285714285713
heart,classification,14,,,0.8634146341463415,0.8703703703703703,0.9475238095238095
heart,classification,15,,,0.8585365853658536,0.867579908675799,0.912044978082714
heart,classification,16,,,0.8780487804878049,0.8858447488584474,0.9498095238095238
heart,classification,17,,,0.8634146341463415,0.8703703703703703,0.9417142857142858
heart,classification,18,,,0.8926829268292683,0.897196261682243,0.9540000000000001
heart,classification,19,,,0.8731707317073171,0.8796296296296297,0.9361904761904762
heart,classification,20,,,0.8390243902439024,0.8450704225352113,0.90041928721174
heart,classification,21,,,0.8878048780487805,0.8899521531100478,0.9483809523809524
heart,classification,22,,,0.8926829268292683,0.8990825688073395,0.9462857142857143
heart,classification,23,,,0.848780487804878,0.8584474885844748,0.9384761904761905
heart,classification,24,,,0.8585365853658536,0.8733624454148472,0.9499047619047619
heart,classification,25,,,0.8146341463414634,0.819047619047619,0.9053744997141224
heart,classification,26,,,0.8926829268292683,0.897196261682243,0.9512380952380953
heart,classification,27,,,0.8975609756097561,0.9023255813953488,0.9575238095238096
heart,classification,28,,,0.8341463414634146,0.8454545454545455,0.9142857142857143
heart,classification,29,,,0.8390243902439024,0.8533333333333334,0.918952380952381
heart,classification,30,,,0.8926829268292683,0.8952380952380953,0.9367257480465028
heart,classification,31,,,0.8439024390243902,0.8571428571428571,0.9165714285714286
heart,classification,32,,,0.8439024390243902,0.8504672897196262,0.9407619047619047
heart,classification,33,,,0.9024390243902439,0.9056603773584906,0.9634285714285715
heart,classification,34,,,0.8731707317073171,0.8761904761904762,0.9378095238095238
heart,classification,35,,,0.848780487804878,0.8584474885844748,0.9272917857823518
heart,classification,36,,,0.8439024390243902,0.8490566037735849,0.9400952380952381
heart,classification,37,,,0.8439024390243902,0.8558558558558559,0.9242857142857144
heart,classification,38,,,0.8048780487804879,0.8130841121495327,0.9032380952380952
heart,classification,39,,,0.9024390243902439,0.908256880733945,0.9603809523809523
heart,classification,40,,,0.926829268292683,0.9295774647887324,0.9664570230607965
heart,classification,41,,,0.8731707317073171,0.8773584905660378,0.9420000000000001
heart,classification,42,,,0.8780487804878049,0.8878923766816144,0.9399047619047619
heart,classification,43,,,0.8682926829268293,0.8767123287671232,0.949809523809524
heart,classification,44,,,0.8341463414634146,0.8440366972477065,0.9268571428571428
heart,classification,45,,,0.8682926829268293,0.8755760368663594,0.9249094720792834
heart,classification,46,,,0.8585365853658536,0.8625592417061612,0.9237142857142858
heart,classification,47,,,0.9024390243902439,0.9074074074074074,0.9716190476190476
heart,classification,48,,,0.8878048780487805,0.892018779342723,0.9411428571428572
heart,classification,49,,,0.848780487804878,0.8571428571428571,0.9133333333333332
heart,classification,50,,,0.8341463414634146,0.8508771929824561,0.9340575566990661
ionosphere,classification,1,,,0.9154929577464789,0.9361702127659575,0.9606837606837607
ionosphere,classification,2,,,0.8142857142857143,0.8631578947368421,0.8373333333333334
ionosphere,classification,3,,,0.8142857142857143,0.8686868686868687,0.848888888888889
ionosphere,classification,4,,,0.9,0.9263157894736842,0.9493333333333334
ionosphere,classification,5,,,0.8428571428571429,0.8865979381443299,0.8373333333333334
ionosphere,classification,6,,,0.8309859154929577,0.88,0.9017094017094016
ionosphere,classification,7,,,0.9,0.9278350515463918,0.9271111111111111
ionosphere,classification,8,,,0.8285714285714286,0.8723404255319149,0.8400000000000001
ionosphere,classification,9,,,0.8428571428571429,0.8842105263157894,0.88
ionosphere,classification,10,,,0.8857142857142857,0.9148936170212766,0.9164444444444444
ionosphere,classification,11,,,0.8309859154929577,0.8775510204081632,0.8760683760683761
ionosphere,classification,12,,,0.8428571428571429,0.8842105263157894,0.8186666666666667
ionosphere,classification,13,,,0.9571428571428572,0.967741935483871,0.976
ionosphere,classification,14,,,0.8714285714285714,0.9072164948453608,0.8871111111111112
ionosphere,classification,15,,,0.8428571428571429,0.8865979381443299,0.8035555555555556
ionosphere,classification,16,,,0.9014084507042254,0.9263157894736842,0.9589743589743589
ionosphere,classification,17,,,0.8857142857142857,0.9090909090909091,0.9368888888888889
ionosphere,classification,18,,,0.8571428571428571,0.8888888888888888,0.8551111111111112
ionosphere,classification,19,,,0.8428571428571429,0.8910891089108911,0.8328888888888889
ionosphere,classification,20,,,0.8142857142857143,0.8712871287128713,0.8302222222222222
ionosphere,classification,21,,,0.8591549295774648,0.8979591836734694,0.835042735042735
ionosphere,classification,22,,,0.9285714285714286,0.9438202247191011,0.9768888888888888
ionosphere,classification,23,,,0.8,0.8571428571428571,0.8186666666666667
ionosphere,classification,24,,,0.9,0.9247311827956989,0.9457777777777778
ionosphere,classification,25,,,0.8714285714285714,0.9072164948453608,0.8711111111111112
ionosphere,classification,26,,,0.9295774647887324,0.9473684210526315,0.9675213675213675
ionosphere,classification,27,,,0.7714285714285715,0.8297872340425532,0.7413333333333334
ionosphere,classification,28,,,0.9,0.9247311827956989,0.9742222222222223
ionosphere,classification,29,,,0.9285714285714286,0.9473684210526315,0.9502222222222223
ionosphere,classification,30,,,0.8285714285714286,0.875,0.8568888888888888
ionosphere,classification,31,,,0.8450704225352113,0.8764044943820225,0.9299145299145299
ionosphere,classification,32,,,0.8714285714285714,0.9072164948453608,0.8951111111111111
ionosphere,classification,33,,,0.8571428571428571,0.8936170212765957,0.9119999999999999
ionosphere,classification,34,,,0.9,0.9263157894736842,0.8968888888888888
ionosphere,classification,35,,,0.9,0.9247311827956989,0.8897777777777778
ionosphere,classification,36,,,0.8591549295774648,0.8888888888888888,0.8923076923076924
ionosphere,classification,37,,,0.8857142857142857,0.9166666666666666,0.9111111111111111
ionosphere,classification,38,,,0.8142857142857143,0.8686868686868687,0.8275555555555556
ionosphere,classification,39,,,0.8142857142857143,0.8631578947368421,0.8257777777777778
ionosphere,classification,40,,,0.9,0.9278350515463918,0.888
ionosphere,classification,41,,,0.8028169014084507,0.851063829787234,0.9042735042735043
ionosphere,classification,42,,,0.9,0.9278350515463918,0.8915555555555555
ionosphere,classification,43,,,0.8714285714285714,0.9052631578947369,0.8862222222222221
ionosphere,classification,44,,,0.8285714285714286,0.8666666666666667,0.9111111111111111
ionosphere,classification,45,,,0.9142857142857143,0.9375,0.872
ionosphere,classification,46,,,0.8591549295774648,0.8913043478260869,0.894017094017094
ionosphere,classification,47,,,0.9285714285714286,0.9473684210526315,0.9528888888888889
ionosphere,classification,48,,,0.8571428571428571,0.8936170212765957,0.864
ionosphere,classification,49,,,0.8571428571428571,0.8958333333333334,0.8133333333333334
ionosphere,classification,50,,,0.8285714285714286,0.8823529411764706,0.8933333333333333
sonar,classification,1,,,0.7857142857142857,0.8,0.8272727272727273
sonar,classification,2,,,0.8333333333333334,0.851063829787234,0.908466819221968
sonar,classification,3,,,0.7804878048780488,0.7804878048780488,0.8301435406698565
sonar,classification,4,,,0.8048780487804879,0.8333333333333334,0.9019138755980862
sonar,classification,5,,,0.7804878048780488,0.8085106382978723,0.8301435406698565
sonar,classification,6,,,0.7857142857142857,0.8163265306122449,0.9227272727272727
sonar,classification,7,,,0.8571428571428571,0.8571428571428571,0.8993135011441648
sonar,classification,8,,,0.7560975609756098,0.782608695652174,0.8875598086124402
sonar,classification,9,,,0.6585365853658537,0.631578947368421,0.7822966507177034
sonar,classification,10,,,0.7804878048780488,0.8,0.8516746411483253
sonar,classification,11,,,0.8095238095238095,0.8333333333333334,0.8818181818181818
sonar,classification,12,,,0.7619047619047619,0.7619047619047619,0.8993135011441648
sonar,classification,13,,,0.7804878048780488,0.7804878048780488,0.8349282296650717
sonar,classification,14,,,0.7317073170731707,0.7441860465116279,0.8588516746411484
sonar,classification,15,,,0.8048780487804879,0.8333333333333334,0.8995215311004785
sonar,classification,16,,,0.8809523809523809,0.8780487804878049,0.95
sonar,classification,17,,,0.7142857142857143,0.6842105263157895,0.851258581235698
sonar,classification,18,,,0.7073170731707317,0.75,0.8038277511961722
sonar,classification,19,,,0.7804878048780488,0.8,0.8325358851674641
sonar,classification,20,,,0.7804878048780488,0.8163265306122449,0.8899521531100478
sonar,classification,21,,,0.7380952380952381,0.7755102040816326,0.7772727272727272
sonar,classification,22,,,0.6666666666666666,0.631578947368421,0.7780320366132724
sonar,classification,23,,,0.7073170731707317,0.76,0.9138755980861244
sonar,classification,24,,,0.7804878048780488,0.8,0.8492822966507177
sonar,classification,25,,,0.8048780487804879,0.8095238095238095,0.9043062200956938
sonar,classification,26,,,0.8571428571428571,0.8695652173913043,0.8590909090909091
sonar,classification,27,,,0.7380952380952381,0.7659574468085106,0.7940503432494279
sonar,classification,28,,,0.6829268292682927,0.6976744186046512,0.8349282296650717
sonar,classification,29,,,0.8048780487804879,0.8095238095238095,0.9019138755980861
sonar,classification,30,,,0.8048780487804879,0.8095238095238095,0.8684210526315789
sonar,classification,31,,,0.7142857142857143,0.7,0.7840909090909091
sonar,classification,32,,,0.7857142857142857,0.8,0.8810068649885584
sonar,classification,33,,,0.8292682926829268,0.8571428571428571,0.9114832535885167
sonar,classification,34,,,0.8292682926829268,0.851063829787234,0.9425837320574163
sonar,classification,35,,,0.6585365853658537,0.6956521739130435,0.7177033492822967
sonar,classification,36,,,0.8095238095238095,0.8095238095238095,0.8500000000000001
sonar,classification,37,,,0.7619047619047619,0.8,0.8649885583524028
sonar,classification,38,,,0.8048780487804879,0.8333333333333334,0.8708133971291866
sonar,classification,39,,,0.7560975609756098,0.7727272727272727,0.8492822966507176
sonar,classification,40,,,0.8292682926829268,0.851063829787234,0.8516746411483254
sonar,classification,41,,,0.6904761904761905,0.6829268292682927,0.7931818181818182
sonar,classification,42,,,0.7857142857142857,0.7906976744186046,0.8535469107551488
sonar,classification,43,,,0.8292682926829268,0.851063829787234,0.9401913875598087
sonar,classification,44,,,0.7560975609756098,0.8,0.8875598086124402
sonar,classification,45,,,0.8048780487804879,0.8181818181818182,0.8779904306220095
sonar,classification,46,,,0.6904761904761905,0.7111111111111111,0.7545454545454546
sonar,classification,47,,,0.7380952380952381,0.7659574468085106,0.8627002288329519
sonar,classification,48,,,0.7804878048780488,0.7906976744186046,0.8684210526315789
sonar,classification,49,,,0.8048780487804879,0.8260869565217391,0.8827751196172249
sonar,classification,50,,,0.7317073170731707,0.7317073170731707,0.8660287081339713
